{"stats":{"minecraft:dropped":{"minecraft:netherite_hoe":2,"minecraft:ender_pearl":2,"minecraft:polished_deepslate_slab":1,"minecraft:carrot_on_a_stick":1,"minecraft:packed_ice":6,"minecraft:ice":1,"minecraft:wooden_hoe":27,"minecraft:light_blue_carpet":1,"minecraft:blue_ice":3,"minecraft:golden_hoe":1},"minecraft:used":{"minecraft:light_blue_carpet":26,"minecraft:deepslate_brick_wall":9,"minecraft:chiseled_polished_blackstone":1,"minecraft:blue_terracotta":44,"minecraft:polished_blackstone_brick_slab":2,"minecraft:crimson_fence":6,"minecraft:red_stained_glass":29,"minecraft:gray_carpet":135,"minecraft:carrot_on_a_stick":5586,"minecraft:andesite_slab":12,"minecraft:light_gray_carpet":5,"minecraft:oak_sign":4,"minecraft:light_blue_terracotta":60,"minecraft:polished_basalt":1,"minecraft:ender_pearl":1465,"minecraft:tinted_glass":5,"minecraft:stone":4,"minecraft:magenta_stained_glass":9,"minecraft:clay":105,"minecraft:stone_hoe":2141,"minecraft:deepslate_bricks":36,"minecraft:orange_stained_glass":2,"minecraft:polished_deepslate_slab":61,"minecraft:golden_hoe":44,"minecraft:orange_carpet":25,"minecraft:white_carpet":40,"minecraft:light_blue_concrete":5,"minecraft:blue_stained_glass":25,"minecraft:deepslate_brick_slab":109,"minecraft:oxidized_cut_copper_slab":2,"minecraft:nether_brick_slab":4,"minecraft:blue_ice":1206,"minecraft:light_gray_concrete_powder":34,"minecraft:purple_terracotta":26,"minecraft:endermite_spawn_egg":1,"minecraft:cyan_wool":42,"minecraft:light_blue_stained_glass":64,"minecraft:warped_planks":3,"minecraft:deepslate_brick_stairs":49,"minecraft:cyan_stained_glass":46,"minecraft:polished_deepslate_stairs":15,"minecraft:purple_stained_glass":26,"minecraft:iron_hoe":1220,"minecraft:wooden_hoe":3661,"minecraft:packed_ice":1433,"minecraft:cyan_terracotta":22,"minecraft:light_gray_stained_glass":83,"minecraft:command_block":2,"minecraft:cyan_carpet":53,"minecraft:grass_block":63,"minecraft:crimson_slab":86,"minecraft:warped_slab":89,"minecraft:barrier":86,"minecraft:warped_fence":6,"minecraft:quartz_block":12,"minecraft:netherite_hoe":381,"minecraft:stone_slab":8,"minecraft:waxed_weathered_cut_copper":25,"minecraft:prismarine_slab":12,"minecraft:diamond_sword":23,"minecraft:red_carpet":95,"minecraft:potion":53,"minecraft:light_blue_concrete_powder":12,"minecraft:warped_stairs":51,"minecraft:magenta_terracotta":17,"minecraft:crimson_stairs":22,"minecraft:dark_oak_fence":3,"minecraft:white_stained_glass":43,"minecraft:lapis_block":4,"minecraft:chain":6,"minecraft:pink_stained_glass":10,"minecraft:ice":425,"minecraft:repeating_command_block":2,"minecraft:warped_button":1,"minecraft:dark_prismarine_stairs":10},"minecraft:killed":{"minecraft:endermite":6,"minecraft:slime":7},"minecraft:custom":{"minecraft:mob_kills":1940,"minecraft:damage_dealt_resisted":85857,"minecraft:leave_game":76,"minecraft:time_since_death":453,"minecraft:damage_resisted":77925,"minecraft:time_since_rest":454,"minecraft:damage_absorbed":48,"minecraft:sprint_one_cm":2414502,"minecraft:damage_taken":12135,"minecraft:walk_one_cm":3711471,"minecraft:drop":45,"minecraft:damage_dealt":7017,"minecraft:fly_one_cm":8189296,"minecraft:crouch_one_cm":79865,"minecraft:play_time":3101775,"minecraft:deaths":727,"minecraft:sneak_time":23871,"minecraft:jump":13536,"minecraft:total_world_time":3861260,"minecraft:fall_one_cm":1059894},"minecraft:mined":{"minecraft:blue_ice":1},"minecraft:picked_up":{"minecraft:packed_ice":2,"minecraft:carrot_on_a_stick":1,"minecraft:ice":1,"minecraft:wooden_hoe":27,"minecraft:golden_hoe":1,"minecraft:light_blue_carpet":1,"minecraft:blue_ice":1,"minecraft:netherite_hoe":2,"minecraft:ender_pearl":2}},"DataVersion":3465}